{
  "TransE": {
    "MRR": 0.44678160548210144,
    "Hits@1": 0.34444444444444444,
    "Hits@3": 0.5060606060606061,
    "Hits@10": 0.6286195286195286,
    "MeanRank": 133.27963256835938
  },
  "DistMult": {
    "MRR": 0.18828895688056946,
    "Hits@1": 0.14882154882154883,
    "Hits@3": 0.20606060606060606,
    "Hits@10": 0.22693602693602694,
    "MeanRank": 1098.5347900390625
  },
  "RotatE": {
    "MRR": 0.493513822555542,
    "Hits@1": 0.41043771043771043,
    "Hits@3": 0.5511784511784512,
    "Hits@10": 0.632996632996633,
    "MeanRank": 198.7525177001953
  }
}