{
  "TransE": {
    "MRR": 0.4294233024120331,
    "Hits@1": 0.3155241935483871,
    "Hits@3": 0.5040322580645161,
    "Hits@10": 0.6283602150537635,
    "MeanRank": 132.20513916015625
  },
  "DistMult": {
    "MRR": 0.18407653272151947,
    "Hits@1": 0.13306451612903225,
    "Hits@3": 0.20934139784946237,
    "Hits@10": 0.2422715053763441,
    "MeanRank": 1048.0284423828125
  },
  "RotatE": {
    "MRR": 0.49535077810287476,
    "Hits@1": 0.41364247311827956,
    "Hits@3": 0.5456989247311828,
    "Hits@10": 0.6424731182795699,
    "MeanRank": 194.7042999267578
  }
}